{"cameraMode":{"drawMode":0,"name":"Shaded","section":"Shading Mode"},"sceneLighting":false,"audioPlay":false,"sceneViewState":{"showFog":true,"showMaterialUpdate":false,"showSkybox":true,"showFlares":true,"showImageEffects":true,"showParticleSystems":true},"in2DMode":false,"pivot":{"x":-8.515036582946778,"y":0.18734276294708253,"z":1.3384822607040406},"rotation":{"x":0.22531691193580628,"y":-0.4536820948123932,"z":0.11971821635961533,"w":0.8538573980331421},"size":2.131209373474121,"orthographic":false}