{"cameraMode":{"drawMode":0,"name":"Shaded","section":"Shading Mode"},"sceneLighting":false,"audioPlay":false,"sceneViewState":{"showFog":true,"showMaterialUpdate":false,"showSkybox":true,"showFlares":true,"showImageEffects":true,"showParticleSystems":true},"in2DMode":false,"pivot":{"x":-8.474893569946289,"y":0.568605899810791,"z":2.1831862926483156},"rotation":{"x":0.09561985731124878,"y":-0.2518751621246338,"z":0.02501744031906128,"w":0.962699294090271},"size":2.6801040172576906,"orthographic":false}